Estaca de Bares;A Coruna;16.9 ;14:40;15.2 ;14:40;0
As Pontes;A Coruna;18.1 ;12:00;7.9 ;12:00;0
A Coruna;A Coruna;19.7 ;13:10;12.7 ;13:10;0
A Coruna Aeropuerto;A Coruna;20.2 ;14:30;6.7 ;14:30;0
Carballo, Depuradora;A Coruna;19.0 ;14:10;4.6 ;14:10;0
Cabo Vilan;A Coruna;16.3 ;13:10;13.9 ;13:10;0
Vimianzo;A Coruna;17.7 ;13:40;11.4 ;13:40;0
Fisterra;A Coruna;20.6 ;02:10;13.2 ;02:10;0
Mazaricos;A Coruna;17.9 ;12:50;10.1 ;12:50;0
Sobrado;A Coruna;17.5 ;13:40;9.1 ;13:40;0
Santiago de Compostela Aeropuerto;A Coruna;19.7 ;15:20;9.2 ;15:20;0
Noia;A Coruna;21.7 ;13:30;13.1 ;13:30;0
Boiro;A Coruna;23.0 ;15:40;13.4 ;15:40;0
Padron;A Coruna;23.0 ;15:20;9.9 ;15:20;0
Santiago de Compostela;A Coruna;21.1 ;15:30;10.9 ;15:30;0
Rois, Casas do Porto;A Coruna;20.3 ;16:00;11.5 ;16:00;0
Villarrobledo;Albacete;24.1 ;15:00;9.3 ;15:00;0
Munera;Albacete;19.4 ;16:00;4.3 ;16:00;0
Yeste, Embalse Fuensanta;Albacete;25.6 ;16:20;11.6 ;16:20;0
Nerpio;Albacete;19.8 ;15:00;4.1 ;15:00;0
Yeste;Albacete;22.0 ;15:40;8.3 ;15:40;0
Hellon;Albacete;21.8 ;15:30;13.8 ;15:30;0
Tobarra;Albacete;22.6 ;15:50;11.3 ;15:50;0
Albacete Base Aerea;Albacete;20.2 ;16:40;8.1 ;16:40;0
Chinchilla;Albacete;19.6 ;15:20;10.3 ;15:20;0
Albacete;Albacete;21.9 ;15:10;11.1 ;15:10;0
Alcala del Jocar;Albacete;23.9 ;16:00;10.9 ;16:00;0
Almansa;Albacete;21.0 ;14:50;7.7 ;14:50;0
Orihuela;Alacant/Alicante;24.6 ;14:30;13.7 ;14:30;0
Pinoso;Alacant/Alicante;19.8 ;16:00;7.2 ;16:00;0
Rojales;Alacant/Alicante;24.8 ;13:50;15.7 ;13:50;0
Villena;Alacant/Alicante;22.2 ;15:50;9.5 ;15:50;0
Novelda;Alacant/Alicante;23.9 ;14:30;13.8 ;14:30;0
Elche/Elx;Alacant/Alicante;25.4 ;13:10;13.4 ;13:10;0
Alicante-Elche Aeropuerto;Alacant/Alicante;24.6 ;14:20;15.2 ;14:20;0
Alicante/Alacant;Alacant/Alicante;24.8 ;14:30;14.8 ;14:30;0
Benidorm;Alacant/Alicante;23.9 ;12:10;14.9 ;12:10;0
Javea/ Xobia;Alacant/Alicante;23.9 ;11:40;14.2 ;11:40;0
Pego;Alacant/Alicante;23.0 ;15:00;15.3 ;15:00;0
Alcoy/Alcoi;Alacant/Alicante;23.6 ;15:30;11.5 ;15:30;0
Velez Blanco - Topares;Almeria;21.4 ;16:20;7.2 ;16:20;0
Adra;Almeria;25.8 ;10:10;17.9 ;10:10;0
El Ejido;Almeria;25.9 ;10:40;16.5 ;10:40;0
Roquetas de Mar;Almeria;24.2 ;13:30;13.9 ;13:30;0
Abla;Almeria;22.3 ;14:10;9.5 ;14:10;0
Almeria Aeropuerto;Almeria;25.3 ;12:20;16.3 ;12:20;0
Cabo de Gata;Almeria;23.5 ;11:20;19.4 ;11:20;0
Garrucha, Puerto;Almeria;23.9 ;11:50;17.0 ;11:50;0
Albox;Almeria;24.5 ;14:00;13.2 ;14:00;0
Huercal Overa;Almeria;24.4 ;13:00;13.5 ;13:00;0
Amurrio;Araba/lava;14.6 ;15:10;6.6 ;15:10;1
Lalastra;Araba/Alava;12.6 ;12:50;4.6 ;12:50;0
Agurain/Salvatierra;Araba/Alava;13.1 ;12:50;4.4 ;12:50;0.2
Labastida;Araba/Alava;13.9 ;12:10;6.7 ;12:10;0.8
Leza;Araba/Alava;15.3 ;13:50;4.8 ;13:50;1.4
Campezo/Kanpezu;Araba/Alava;14.9 ;12:20;6.0 ;12:20;0
Cabrales;Asturias;19.1 ;14:50;9.0 ;14:50;0
Llanes;Asturias;21.0 ;13:40;11.4 ;13:40;0.6
Amieva, Panizales;Asturias;19.8 ;13:30;9.9 ;13:30;0
Pilona;Asturias;18.3 ;14:00;9.8 ;14:00;1
Colunga;Asturias;20.2 ;13:00;11.2 ;13:00;0.2
Gijon, Campus;Asturias;19.9 ;12:40;9.3 ;12:40;1.6
Cabo Penas;Asturias;18.5 ;11:10;13.5 ;11:10;0.1
Asturias Aeropuerto;Asturias;19.5 ;11:40;12.0 ;11:40;1.6
Puerto de Pajares;Asturias;12.5 ;10:30;4.6 ;10:30;0
Pola de Lena;Asturias;16.7 ;12:40;8.1 ;12:40;0
Aller;Asturias;15.7 ;13:50;4.0 ;13:50;0
Mieres;Asturias;19.4 ;16:10;10.6 ;16:10;0
Oviedo;Asturias;17.8 ;13:10;12.2 ;13:10;0
Tineo, Soto de la Barca;Asturias;17.8 ;15:00;10.6 ;15:00;0
Pola de Somiedo;Asturias;16.8 ;14:30;3.2 ;14:30;0
Salas;Asturias;18.3 ;12:20;12.2 ;12:20;0
Cabo Busto;Asturias;17.7 ;12:20;13.3 ;12:20;0.2
Degana;Asturias;15.9 ;11:20;3.9 ;11:20;0
Ibias, San Antolin;Asturias;17.2 ;13:40;8.0 ;13:40;0
Villayon, Oneta;Asturias;15.4 ;11:20;11.8 ;11:20;0
Castropol;Asturias;17.6 ;11:50;11.3 ;11:50;0.2
Taramundi, Ouria;Asturias;16.0 ;12:20;10.0 ;12:20;0.4
Puerto de Leitariegos;Asturias;14.8 ;11:30;3.6 ;11:30;0
Munotello;Avila;20.1 ;14:40;3.6 ;14:40;0
Avila;Avila;17.7 ;14:10;2.8 ;14:10;0
Gotarrendura;Avila;17.9 ;16:20;1.4 ;16:20;0
Arevalo;Avila;19.8 ;16:40;-0.1 ;16:40;0
Rivilla de Barajas;Avila;17.7 ;16:50;3.2 ;16:50;0
Barco de Avila;Avila;21.4 ;14:50;0.0 ;14:50;0
Puerto El Pico;Avila;21.5 ;14:50;-2.3 ;14:50;0
Cebreros;Avila;24.2 ;13:30;10.7 ;13:30;0
Candeleda;Avila;25.1 ;16:10;9.0 ;16:10;0
Herrera del Duque;Badajoz;26.8 ;15:50;8.8 ;15:50;0
Peraleda del Zaucejo;Badajoz;24.9 ;15:00;6.4 ;15:00;0
Castuera;Badajoz;24.7 ;16:30;13.8 ;16:30;0
Navalvillar de Pela;Badajoz;27.1 ;16:10;10.7 ;16:10;0
Don Benito;Badajoz;27.2 ;14:50;10.4 ;14:50;0
Llerena;Badajoz;24.5 ;15:20;12.1 ;15:20;0
Villafranca de los Barros;Badajoz;26.5 ;16:30;7.2 ;16:30;0
Merida;Badajoz;28.9 ;16:10;8.1 ;16:10;0
Zafra;Badajoz;27.1 ;17:00;8.6 ;17:00;0
Almendralejo;Badajoz;25.7 ;15:30;10.0 ;15:30;0
Badajoz Aeropuerto;Badajoz;27.8 ;15:50;7.9 ;15:50;0
Alburquerque;Badajoz;27.4 ;15:50;9.6 ;15:50;0
Puebla de Obando;Badajoz;26.6 ;15:00;11.3 ;15:00;0
Badajoz;Badajoz;28.7 ;15:50;9.5 ;15:50;0
Olivenza;Badajoz;26.4 ;15:00;10.0 ;15:00;0
Alconchel;Badajoz;27.3 ;15:40;12.0 ;15:40;0
Barcarrota;Badajoz;26.8 ;16:40;9.1 ;16:40;0
Villanueva del Fresno;Badajoz;28.3 ;14:50;11.6 ;14:50;0
Monesterio;Badajoz;24.5 ;16:30;11.6 ;16:30;0
Fuente de Cantos;Badajoz;25.0 ;15:50;13.7 ;15:50;0
Jerez de los Caballeros;Badajoz;27.7 ;16:20;10.5 ;16:20;0
Fregenal de la Sierra;Badajoz;25.3 ;14:50;8.4 ;14:50;0
Azuaga;Badajoz;24.8 ;15:20;10.0 ;15:20;0
Pontons;Barcelona;18.9 ;13:50;8.8 ;13:50;0
Vilafranca del Penedes;Barcelona;23.9 ;15:00;9.4 ;15:00;0
Sitges;Barcelona;22.8 ;13:30;14.0 ;13:30;0
Berga;Barcelona;18.4 ;15:20;4.5 ;15:20;0
Balsareny;Barcelona;19.0 ;16:10;4.0 ;16:10;0
Prats de Llucanes;Barcelona;18.8 ;14:40;3.9 ;14:40;0
Moia;Barcelona;17.4 ;13:40;6.1 ;13:40;0
Manresa;Barcelona;19.5 ;15:20;6.5 ;15:20;0
Monistrol de Montserrat;Barcelona;15.3 ;15:30;8.0 ;15:30;0
Igualada;Barcelona;18.7 ;15:10;8.4 ;15:10;0
Corbera, Pic d'Agulles;Barcelona;15.7 ;13:00;7.9 ;13:00;0
Barcelona;Barcelona;23.5 ;14:30;15.0 ;14:30;0
Barcelona, Museo Maritimo;Barcelona;24.7 ;15:40;14.8 ;15:40;0
Caldes de Montbui;Barcelona;23.8 ;14:30;7.4 ;14:30;0
Vilassar de Dalt;Barcelona;25.5 ;14:10;14.1 ;14:10;0
Arenys de Mar;Barcelona;24.5 ;12:20;12.6 ;12:20;0
Fogars de Montclus;Barcelona;20.7 ;14:20;9.0 ;14:20;0
Sant Julia  de Vilatorta;Barcelona;18.4 ;14:50;3.7 ;14:50;0.1
Lekeitio;Bizkaia;16.4 ;14:10;11.4 ;14:10;0
Forua;Bizkaia;17.2 ;13:20;7.9 ;13:20;3.6
Punta Galea;Bizkaia;15.2 ;15:00;9.5 ;15:00;2.5
Orozko;Bizkaia;14.4 ;14:20;7.6 ;14:20;2.6
Abadino;Bizkaia;11.4 ;14:20;7.1 ;14:20;2.2
Amorebieta--Etxano;Bizkaia;15.6 ;13:50;7.2 ;13:50;0.6
Guenes;Bizkaia;13.6 ;15:10;7.1 ;15:10;1.4
Bilbao Aeropuerto;Bizkaia;15.6 ;13:40;8.1 ;13:40;4.2
Sopuerta;Bizkaia;15.6 ;14:00;7.6 ;14:00;3.2
Coruna del Conde;Burgos;19.6 ;16:20;1.4 ;16:20;0
Aranda de Duero;Burgos;19.1 ;14:10;-1.3 ;14:10;0
Pedrosa del Principe;Burgos;17.7 ;14:40;2.5 ;14:40;0
Palacios de la Sierra;Burgos;18.7 ;12:40;0.2 ;12:40;0
Monterrubio de la Demanda;Burgos;13.3 ;13:30;2.3 ;13:30;0
Villamayor de los Montes;Burgos;14.7 ;13:40;6.1 ;13:40;0
Burgos Aeropuerto;Burgos;14.3 ;14:40;4.2 ;14:40;0
Santa Gadea de Alfoz;Burgos;11.9 ;12:40;5.2 ;12:40;0.2
Sargentes de la Lora;Burgos;14.4 ;14:10;5.2 ;14:10;0
Briviesca;Burgos;14.0 ;13:10;2.0 ;13:10;0
Medina de Pomar;Burgos;16.4 ;13:00;1.1 ;13:00;0
Miranda de Ebro;Burgos;15.3 ;14:30;2.0 ;14:30;0
Madrigal de la Vera;Caceres;25.0 ;16:20;11.4 ;16:20;0
Navalmoral de la Mata;Caceres;25.3 ;16:00;7.0 ;16:00;0
Garganta de la Olla;Caceres;22.8 ;16:10;11.2 ;16:10;0
Serradilla;Caceres;23.9 ;15:30;13.1 ;15:30;0
Jaraicejo;Caceres;24.4 ;15:00;11.8 ;15:00;0
Trujillo;Caceres;25.6 ;16:00;10.1 ;16:00;0
Caceres;Caceres;25.6 ;16:40;10.7 ;16:40;0
Canaveral;Caceres;25.4 ;16:20;12.0 ;16:20;0
Nunomoral;Caceres;26.4 ;15:10;3.5 ;15:10;0
Guijo de Granadilla;Caceres;26.4 ;16:00;11.6 ;16:00;0
Herves;Caceres;23.7 ;14:50;9.5 ;14:50;0
Montehermoso;Caceres;25.6 ;16:40;13.4 ;16:40;0
Tornavacas;Caceres;22.1 ;14:10;10.8 ;14:10;0
Piornal;Caceres;21.7 ;13:30;8.4 ;13:30;0
Plasencia;Caceres;26.4 ;16:40;10.0 ;16:40;0
Coria;Caceres;26.3 ;17:20;10.8 ;17:20;0
Hoyos;Caceres;25.9 ;15:20;13.2 ;15:20;0
Zarza La Mayor;Caceres;25.6 ;16:40;11.9 ;16:40;0
Valverde del Fresno;Caceres;25.5 ;14:00;10.4 ;14:00;0
Aliseda;Caceres;26.5 ;16:10;8.8 ;16:10;0
Brozas;Caceres;24.8 ;16:00;11.1 ;16:00;0
Valencia de Alcantara;Caceres;24.5 ;16:20;8.7 ;16:20;0
Guadalupe;Caceres;25.5 ;14:50;10.9 ;14:50;0
Canamero;Caceres;25.5 ;15:40;13.5 ;15:40;0
Zorita;Caceres;26.7 ;15:40;13.8 ;15:40;0
Alcuescar;Caceres;26.2 ;16:00;9.4 ;16:00;0
Chipiona;Cadiz;25.0 ;14:30;12.5 ;14:30;0
Rota, Base Naval;Cadiz;26.4 ;16:20;14.1 ;16:20;0
Grazalema;Cadiz;23.3 ;12:20;10.8 ;12:20;0
Olvera;Cadiz;26.1 ;14:00;14.6 ;14:00;0
El Bosque;Cadiz;26.7 ;15:20;11.3 ;15:20;0
San Jose del Valle;Cadiz;28.2 ;15:40;15.0 ;15:40;0
Jerez de la Frontera Aeropuerto;Cadiz;27.1 ;15:20;10.2 ;15:20;0
San Fernando;Cadiz;27.1 ;14:20;17.1 ;14:20;0
Cadiz;Cadiz;26.2 ;17:00;17.8 ;17:00;0
Medina Sidonia;Cadiz;25.4 ;15:40;16.6 ;15:40;0
Vejer de la Frontera;Cadiz;25.5 ;15:30;16.5 ;15:30;0
Barbate;Cadiz;27.2 ;13:30;17.2 ;13:30;0
Tarifa;Cadiz;23.8 ;13:40;19.6 ;13:40;0
Jimena de la Frontera;Cadiz;23.9 ;13:40;10.4 ;13:40;0
San Roque;Cadiz;22.4 ;13:20;15.8 ;13:20;0
Castro Urdiales;Cantabria;18.1 ;14:30;11.3 ;14:30;1.7
Ramales de la Victoria;Cantabria;16.1 ;13:10;7.2 ;13:10;1.2
Barcena de Cicero, Treto;Cantabria;16.7 ;14:30;8.2 ;14:30;0.8
Soba, Alto Miera;Cantabria;13.7 ;11:30;6.7 ;11:30;0.4
Santander Aeropuerto;Cantabria;16.1 ;15:20;7.3 ;15:20;0.6
Santander;Cantabria;15.8 ;15:00;11.5 ;15:00;0
Villacarriedo;Cantabria;14.1 ;14:10;5.8 ;14:10;2.4
Los Tojos, Barcena Mayor;Cantabria;16.9 ;13:40;3.4 ;13:40;0.6
San Felices de Buelna;Cantabria;15.8 ;14:40;8.8 ;14:40;1.4
Torrelavega, Sierrapando;Cantabria;16.3 ;11:00;9.5 ;11:00;1.8
San Vicente de la Barquera;Cantabria;20.0 ;12:20;9.2 ;12:20;0.2
Camaleno, Fuente De;Cantabria;15.3 ;15:00;3.8 ;15:00;0
Cillerigo de Liobana, Tama;Cantabria;19.1 ;14:50;7.2 ;14:50;0
Tresviso;Cantabria;13.9 ;14:10;7.7 ;14:10;0
Santillana del Mar, Altamira;Cantabria;17.7 ;12:00;9.4 ;12:00;2.4
Reinosa;Cantabria;14.5 ;14:10;3.3 ;14:10;0
Alto Campoo;Cantabria;12.3 ;13:30;4.0 ;13:30;0
Valderredible, Cubillo de Ebro;Cantabria;15.4 ;13:00;2.1 ;13:00;0
Valderredible, Polientes;Cantabria;16.8 ;13:50;3.8 ;13:50;0.1
Segorbe;Castello/Castellon;23.4 ;14:30;7.9 ;14:30;0
Montanejos;Castello/Castellon;23.4 ;14:50;8.4 ;14:50;0
Villafranca del Cid/Vilafranca;Castello/Castellon;18.4 ;14:20;2.8 ;14:20;0
Atzeneta del Maestrat;Castello/Castellon;24.2 ;14:50;6.2 ;14:50;0
Castellon - Almassora;Castello/Castellon;23.8 ;14:00;13.6 ;14:00;0
Torreblanca;Castello/Castellon;23.1 ;11:50;13.9 ;11:50;0
La Pobla de Benifassi-Fredes;Castello/Castellon;14.6 ;14:40;4.9 ;14:40;0
Vinares;Castello/Castellon;24.1 ;15:20;8.0 ;15:20;0
Morella;Castello/Castellon;16.1 ;14:50;6.2 ;14:50;0
Castellfort;Castello/Castellon;14.0 ;15:00;5.1 ;15:00;0
Ceuta;Ceuta;22.1 ;16:00;17.3 ;16:00;0
Alcazar de San Juan;Ciudad Real;20.9 ;15:30;7.2 ;15:30;0
Tomelloso;Ciudad Real;21.6 ;15:50;5.0 ;15:50;0
Ciudad Real;Ciudad Real;20.5 ;15:10;6.3 ;15:10;0
Villanueva de los Infantes;Ciudad Real;20.6 ;14:50;8.4 ;14:50;0
Valdepenas;Ciudad Real;20.3 ;15:30;6.4 ;15:30;0
Viso del Marques;Ciudad Real;20.9 ;15:00;7.0 ;15:00;0
Abenojar;Ciudad Real;21.0 ;15:40;7.3 ;15:40;0
Puebla de Don Rodrigo;Ciudad Real;25.3 ;16:30;4.4 ;16:30;0
Almadan;Ciudad Real;26.5 ;16:50;12.6 ;16:50;0
Puertollano;Ciudad Real;21.2 ;15:00;7.4 ;15:00;0
Fuencaliente;Ciudad Real;24.0 ;15:00;9.1 ;15:00;0
Valsequillo;Cordoba;25.2 ;16:00;6.0 ;16:00;0
Hinojosa del Duque;Cordoba;23.9 ;15:20;7.4 ;15:20;0
Cardena;Cordoba;25.1 ;14:40;12.2 ;14:40;0
Montoro;Cordoba;27.9 ;15:10;8.0 ;15:10;0
Villanueva de Cordoba;Cordoba;23.0 ;14:50;12.5 ;14:50;0
Cordoba, Embalse de Guadanuno;Cordoba;25.7 ;14:40;10.5 ;14:40;0
Priego de Cordoba;Cordoba;25.7 ;12:40;9.1 ;12:40;0
Dona Mencia;Cordoba;22.9 ;16:40;13.1 ;16:40;0
Cordoba, Progdena;Cordoba;26.6 ;17:20;11.4 ;17:20;0
Espiel;Cordoba;25.5 ;14:50;7.9 ;14:50;0
Fuente Palmera;Cordoba;28.0 ;17:20;12.2 ;17:20;0
Benamejo;Cordoba;24.9 ;15:20;12.7 ;15:20;0
Aguilar de la Frontera;Cordoba;26.4 ;16:30;11.2 ;16:30;0
La Rambla;Cordoba;27.4 ;16:00;11.0 ;16:00;0
Beteta;Cuenca;16.8 ;15:20;1.5 ;15:20;0
Canizares;Cuenca;22.3 ;15:30;2.7 ;15:30;0
Tarancon;Cuenca;22.8 ;15:30;8.6 ;15:30;0
Alcazar del Rey;Cuenca;21.3 ;15:30;8.4 ;15:30;0
Abia de Obispalia;Cuenca;22.2 ;16:00;5.7 ;16:00;0
Villares del Saz;Cuenca;21.7 ;15:10;8.4 ;15:10;0
Alberca de Zancara;Cuenca;19.4 ;16:00;9.9 ;16:00;0
San Clemente;Cuenca;21.4 ;17:00;7.9 ;17:00;0
Osa de la Vega;Cuenca;20.7 ;16:30;7.4 ;16:30;0
Cuenca;Cuenca;21.9 ;16:20;7.9 ;16:20;0
Motilla del Palancar;Cuenca;21.3 ;16:10;8.6 ;16:10;0
Salvacanete;Cuenca;19.6 ;15:10;0.5 ;15:10;0
Mira;Cuenca;22.3 ;16:20;2.5 ;16:20;0
Irun;Gipuzkoa;16.5 ;14:30;10.9 ;14:30;4.6
San Sebastian Aeropuerto;Gipuzkoa;18.1 ;14:00;9.6 ;14:00;0
Renteria;Gipuzkoa;15.9 ;14:40;7.0 ;14:40;4.4
Beasain;Gipuzkoa;15.4 ;12:30;7.7 ;12:30;2.8
Ordizia;Gipuzkoa;15.9 ;12:30;8.3 ;12:30;2.8
Zumarraga;Gipuzkoa;12.9 ;10:30;6.7 ;10:30;3.3
Zumaia;Gipuzkoa;17.3 ;11:30;10.0 ;11:30;6.2
Aretxabaleta;Gipuzkoa;13.3 ;13:20;6.8 ;13:20;2.5
Elgeta;Gipuzkoa;12.7 ;12:50;8.0 ;12:50;5.8
Elgoibar;Gipuzkoa;13.2 ;16:50;7.6 ;16:50;4
Mutriku;Gipuzkoa;15.9 ;14:40;12.6 ;14:40;6
Blanes;Girona;22.7 ;13:50;13.7 ;13:50;0
Castell, Platja d'Aro;Girona;21.1 ;12:40;8.3 ;12:40;0
Sant Pau de Segories;Girona;20.3 ;15:00;1.3 ;15:00;0
Planoles;Girona;19.5 ;14:10;5.3 ;14:10;0
Ripoll;Girona;19.5 ;14:00;1.8 ;14:00;0
Les Planes d'Hostoles;Girona;23.5 ;15:10;3.9 ;15:10;0
Sant Hilari;Girona;19.1 ;14:50;5.7 ;14:50;0
Girona;Girona;25.0 ;13:50;9.0 ;13:50;0
Porqueres;Girona;24.9 ;14:40;7.2 ;14:40;0
L'Estartit;Girona;19.8 ;15:50;10.5 ;15:50;0
La Vall de Bianya;Girona;21.9 ;14:20;4.6 ;14:20;0
Castello d'Empories;Girona;24.2 ;15:10;6.6 ;15:10;0
Mananet de Cabrenys;Girona;23.1 ;14:40;6.7 ;14:40;0
Espolla;Girona;24.1 ;11:50;10.2 ;11:50;0
Figueres;Girona;23.5 ;12:30;10.1 ;12:30;0
La Molina;Girona;14.7 ;14:00;2.9 ;14:00;0
Baza;Granada;23.6 ;16:30;5.8 ;16:30;0
Dolar;Granada;21.7 ;15:50;8.2 ;15:50;0
Granada-Cartuja;Granada;26.3 ;16:00;10.5 ;16:00;0
Granada Aeropuerto;Granada;26.7 ;16:40;7.6 ;16:40;0
Loja;Granada;24.7 ;14:50;11.9 ;14:50;0
Lanjaron;Granada;22.1 ;14:40;9.6 ;14:40;0
Salobrena;Granada;24.8 ;13:40;15.0 ;13:40;0
Motril;Granada;26.6 ;10:00;15.2 ;10:00;0
Motril, Puerto;Granada;28.0 ;11:20;15.0 ;11:20;0
Castell de Ferro;Granada;23.4 ;12:40;16.3 ;12:40;0
Valor;Granada;22.1 ;13:20;11.1 ;13:20;0
Molina de Aragon;Guadalajara;19.7 ;16:20;-2.8 ;16:20;0
Zaorejas;Guadalajara;18.7 ;15:00;1.6 ;15:00;0
Pastrana;Guadalajara;22.1 ;15:20;7.9 ;15:20;0
Pantano el Vado;Guadalajara;23.1 ;15:00;5.2 ;15:00;0
Siguenza;Guadalajara;19.6 ;15:40;-1.4 ;15:40;0
Guadalajara;Guadalajara;22.6 ;15:20;7.2 ;15:20;0
Brihuega;Guadalajara;20.8 ;14:40;4.5 ;14:40;0
El Pedregal;Guadalajara;17.7 ;14:40;2.2 ;14:40;0
Aroche;Huelva;28.6 ;15:40;6.7 ;15:40;0
El Granado;Huelva;28.9 ;16:10;9.7 ;16:10;0
Ayamonte;Huelva;25.0 ;14:30;11.3 ;14:30;0
Cartaya;Huelva;24.1 ;15:00;11.6 ;15:00;0
Alajar;Huelva;27.7 ;14:50;13.0 ;14:50;0
Valverde del Camino;Huelva;27.7 ;15:40;11.1 ;15:40;0
El Cerro de Andavalo;Huelva;29.3 ;16:20;14.1 ;16:20;0
Alosno, Tharsis;Huelva;28.2 ;16:10;13.4 ;16:10;0
El Campillo;Huelva;26.8 ;16:40;13.7 ;16:40;0
Villarrasa;Huelva;28.7 ;15:30;11.9 ;15:30;0
Huelva, Ronda Este;Huelva;28.4 ;16:30;12.4 ;16:30;0
Cala;Huelva;23.4 ;16:00;10.0 ;16:00;0
Almonte;Huelva;27.7 ;14:40;8.8 ;14:40;0
Moguer, El Arenosillo;Huelva;24.4 ;12:20;13.6 ;12:20;0.2
Canfranc;Huesca;14.4 ;14:50;7.1 ;14:50;0
Jaca;Huesca;18.0 ;14:40;1.2 ;14:40;0
Valle de Hecho, Hecho;Huesca;18.8 ;13:20;3.7 ;13:20;0
Aragues del Puerto;Huesca;20.2 ;15:00;5.9 ;15:00;0
Bailo;Huesca;18.3 ;14:00;3.4 ;14:00;0
Biescas;Huesca;18.7 ;14:30;4.8 ;14:30;0
Sabinanigo;Huesca;18.4 ;14:30;-0.2 ;14:30;0
Almudevar;Huesca;21.0 ;15:00;4.8 ;15:00;0
Sopeira;Huesca;20.5 ;14:30;5.8 ;14:30;0
Benabarre;Huesca;17.6 ;14:10;4.3 ;14:10;0
Bielsa;Huesca;21.0 ;12:10;6.1 ;12:10;0
Ainsa;Huesca;19.0 ;14:30;4.5 ;14:30;0
Torla - Deposito;Huesca;23.1 ;13:20;6.3 ;13:20;0
Benasque;Huesca;19.7 ;11:50;12.2 ;11:50;0
Seira;Huesca;21.1 ;15:40;1.1 ;15:40;0
Capella;Huesca;17.8 ;15:10;3.9 ;15:10;0
Barbastro;Huesca;22.5 ;16:10;3.1 ;16:10;0
Sarinena, Deposito agua;Huesca;21.5 ;16:00;5.1 ;16:00;0
Huesca Aeropuerto;Huesca;20.4 ;15:40;4.7 ;15:40;0
Huesca;Huesca;20.9 ;14:50;4.9 ;14:50;0
Lanaja;Huesca;20.4 ;15:20;7.0 ;15:20;0
Ballobar;Huesca;19.9 ;15:10;5.8 ;15:10;0
Tamarite de Litera;Huesca;20.7 ;16:30;3.5 ;16:30;0
Fraga;Huesca;21.7 ;17:00;8.4 ;17:00;0
Escorca, Lluc;Illes Balears;21.1 ;12:20;8.3 ;12:20;0
Banyalbufar;Illes Balears;21.3 ;12:10;15.2 ;12:10;0
Calvia, Es Capdella;Illes Balears;23.6 ;15:30;12.7 ;15:30;0.2
Palma, Puerto;Illes Balears;23.6 ;12:30;15.5 ;12:30;0
Palma, Universitat;Illes Balears;24.3 ;13:00;10.0 ;13:00;0
Sierra de Alfabia, Bunyola;Illes Balears;17.1 ;13:00;9.3 ;13:00;0
Marratxi;Illes Balears;23.8 ;16:00;12.9 ;16:00;0
Palma de Mallorca, Aeropuerto;Illes Balears;23.3 ;13:30;10.6 ;13:30;0
Llucmajor, Cap Blanc;Illes Balears;23.4 ;12:50;16.3 ;12:50;0
Llucmajor;Illes Balears;23.3 ;13:40;12.5 ;13:40;0
Campos, Can Sion;Illes Balears;24.0 ;13:30;9.9 ;13:30;0
Campos, Salines Llevant;Illes Balears;22.8 ;13:40;9.4 ;13:40;0
Santanya;Illes Balears;23.5 ;13:30;13.3 ;13:30;0
Portocolom;Illes Balears;24.1 ;13:10;14.9 ;13:10;0
Son Servera;Illes Balears;26.9 ;14:30;11.5 ;14:30;0
Arti;Illes Balears;24.8 ;14:20;11.0 ;14:20;0
Arti-Colonia de Sant Pere;Illes Balears;24.5 ;14:00;15.6 ;14:00;0
Muro, S'Albufera;Illes Balears;25.3 ;14:50;11.2 ;14:50;0
Manacor;Illes Balears;23.6 ;13:50;11.5 ;13:50;0
Sineu;Illes Balears;23.0 ;12:30;11.9 ;12:30;0
Santa Maria del Camo;Illes Balears;23.2 ;16:40;10.8 ;16:40;0
Binissalem;Illes Balears;22.8 ;13:30;9.8 ;13:30;0
Escorca, Son Torrella;Illes Balears;17.6 ;11:50;7.2 ;11:50;0
Sa Pobla;Illes Balears;24.9 ;14:20;10.6 ;14:20;0
Pollenia;Illes Balears;27.8 ;12:30;11.4 ;12:30;0
Port de Pollenia;Illes Balears;26.3 ;13:10;12.2 ;13:10;0
Es Mercadal;Illes Balears;23.2 ;12:30;14.8 ;12:30;0
Ciutadella, Cala Galdana;Illes Balears;23.5 ;13:10;11.5 ;13:10;0
Menorca, Aeropuerto;Illes Balears;23.5 ;14:30;14.2 ;14:30;0
Sant Joan de Labritja;Illes Balears;21.5 ;12:30;10.4 ;12:30;0.8
Ibiza, Aeropuerto;Illes Balears;21.9 ;15:20;13.5 ;15:20;0.5
Eivissa;Illes Balears;22.4 ;14:50;13.3 ;14:50;1.6
Formentera;Illes Balears;22.4 ;09:40;14.6 ;09:40;0.5
Baeza;Jaen;25.5 ;15:00;11.3 ;15:00;0
Torres;Jaen;21.1 ;14:50;11.4 ;14:50;0
Villanueva del Arzobispo;Jaen;24.4 ;15:00;9.3 ;15:00;0
Santa Elena;Jaen;21.2 ;15:30;11.3 ;15:30;0
Jaen;Jaen;23.2 ;15:30;13.3 ;15:30;0
Linares;Jaen;23.4 ;15:20;13.2 ;15:20;0
Bailon;Jaen;25.5 ;14:20;11.3 ;14:20;0
Alcala La Real;Jaen;22.5 ;14:10;10.6 ;14:10;0
Valdezcaray, estacion de esqui;La Rioja;10.2 ;10:40;4.2 ;10:40;0.8
Haro;La Rioja;14.6 ;14:50;6.7 ;14:50;0
Anguiano;La Rioja;13.1 ;14:10;2.9 ;14:10;0.4
Nijera;La Rioja;15.2 ;14:20;6.8 ;14:20;0
Cenicero;La Rioja;16.6 ;13:30;8.2 ;13:30;0
Logrono Aeropuerto;La Rioja;18.1 ;14:40;8.7 ;14:40;0
Enciso;La Rioja;15.5 ;13:20;3.3 ;13:20;0
Alfaro;La Rioja;19.2 ;14:20;9.7 ;14:20;0
Tias;Las Palmas;25.3 ;12:10;16.2 ;12:10;0
Yaiza Playa Blanca;Las Palmas;25.7 ;15:50;17.0 ;15:50;0
Lanzarote Aeropuerto;Las Palmas;26.9 ;16:30;17.0 ;16:30;0
Haria;Las Palmas;25.3 ;14:50;14.9 ;14:50;0
Tinajo;Las Palmas;23.4 ;11:50;17.3 ;11:50;0
Pajara;Las Palmas;32.5 ;09:10;23.5 ;09:10;0
Tuineje,Puerto Gran Tarajal;Las Palmas;27.0 ;16:10;20.9 ;16:10;0
Antigua;Las Palmas;27.5 ;13:00;15.4 ;13:00;0
Fuerteventura Aeropuerto;Las Palmas;24.9 ;13:50;20.4 ;13:50;0
La Oliva;Las Palmas;26.1 ;13:10;17.6 ;13:10;0
La Oliva, Puerto de Corralejo;Las Palmas;24.6 ;11:00;20.3 ;11:00;0
Vega de San Mateo;Las Palmas;21.1 ;12:30;13.0 ;12:30;0
Tejeda, Cruz de Tejeda;Las Palmas;22.0 ;13:30;14.6 ;13:30;0
Agaete;Las Palmas;27.5 ;15:20;21.1 ;15:20;0
La Aldea de San Nicolas;Las Palmas;29.2 ;13:50;13.4 ;13:50;0
San Bartolome Tirajana, Cuevas del Pinar;Las Palmas;24.1 ;12:00;17.4 ;12:00;0
San Bartolome Tirajana, Lomo Pedro Alfonso;Las Palmas;29.2 ;13:50;20.8 ;13:50;0
La Aldea de San Nicolas, Tasarte;Las Palmas;30.2 ;12:50;18.8 ;12:50;0
Mogon, Puerto Rico;Las Palmas;28.1 ;10:10;21.1 ;10:10;0
San Bartolome Tirajana, Las Tirajanas;Las Palmas;29.2 ;12:20;17.6 ;12:20;0
Maspalomas, C. Insular Turismo;Las Palmas;26.8 ;12:20;20.2 ;12:20;0
San Bartolome Tirajana, El Matorral;Las Palmas;26.4 ;11:40;19.7 ;11:40;0
Aguimes;Las Palmas;30.1 ;10:50;18.3 ;10:50;0
Telde, Centro Forestal Doramas;Las Palmas;25.9 ;11:20;16.1 ;11:20;0
Gran Canaria Aeropuerto;Las Palmas;25.0 ;13:20;20.2 ;13:20;0
Telde, Melenara;Las Palmas;24.5 ;13:30;19.4 ;13:30;0
Teror;Las Palmas;28.3 ;12:10;11.4 ;12:10;0
Las Palmas de Gran Canaria, Tafira;Las Palmas;24.6 ;12:00;17.1 ;12:00;0
Las Palmas de Gran Canaria, San Cristobal;Las Palmas;25.2 ;11:30;20.0 ;11:30;0
Las Palmas de Gran Canaria, Pl. de la Feria;Las Palmas;25.2 ;14:30;21.3 ;14:30;0
Valleseco;Las Palmas;28.5 ;14:20;15.8 ;14:20;0
Arucas;Las Palmas;23.9 ;12:00;16.8 ;12:00;0
Maspalomas;Las Palmas;27.2 ;12:20;18.0 ;12:20;0
Teguise;Las Palmas;25.2 ;13:50;19.0 ;13:50;0
Posada de Valdeon, Soto;Leon;13.5 ;15:10;1.1 ;15:10;0
Villablino;Leon;20.9 ;13:30;-0.8 ;13:30;0
Ponferrada;Leon;24.6 ;16:50;4.6 ;16:50;0
Vega de Espinareda;Leon;25.8 ;14:40;5.0 ;14:40;0
Riano;Leon;17.3 ;14:00;-1.3 ;14:00;0
Cubillas de Rueda;Leon;21.0 ;14:40;-0.1 ;14:40;0
Leon, Virgen del Camino;Leon;21.6 ;16:20;4.0 ;16:20;0
Valencia de Don Juan;Leon;20.5 ;15:30;1.6 ;15:30;0
Barrios de Luna, Minera;Leon;18.6 ;11:20;1.7 ;11:20;0
Quintana del Castillo, Villameca;Leon;19.0 ;13:40;5.9 ;13:40;0
Astorga;Leon;23.3 ;15:50;4.0 ;15:50;0
Bustillo del Paramo;Leon;21.7 ;15:30;1.6 ;15:30;0
Martinet;Lleida;23.3 ;15:20;-1.5 ;15:20;0
La Seu d'Urgell;Lleida;22.6 ;15:30;-0.7 ;15:30;0
Josa i Tuixon;Lleida;20.3 ;14:50;1.6 ;14:50;0
Coll de Nargi;Lleida;16.3 ;15:50;2.4 ;15:50;0
Toro;Lleida;16.6 ;15:40;1.7 ;15:40;0
Artesa de Segre;Lleida;17.5 ;15:30;4.1 ;15:30;0
Talarn;Lleida;21.1 ;15:20;6.5 ;15:20;0
Llimiana;Lleida;21.5 ;16:00;5.7 ;16:00;0
Granyanella;Lleida;16.2 ;15:50;6.1 ;15:50;0
Torrega;Lleida;16.3 ;15:30;5.4 ;15:30;0
Os de Balaguer;Lleida;18.9 ;16:20;4.1 ;16:20;0
Mollerussa;Lleida;18.6 ;15:40;5.5 ;15:40;0
Vall de Boe;Lleida;20.8 ;13:30;5.8 ;13:30;0
Lleida;Lleida;19.9 ;16:10;5.9 ;16:10;0
La Pobla de Cervoles;Lleida;17.0 ;14:40;6.7 ;14:40;0
El Soleras;Lleida;18.8 ;16:10;8.1 ;16:10;0
Naut Aran, Arties;Lleida;16.1 ;14:20;0.9 ;14:20;0
Bossast;Lleida;14.7 ;14:30;0.7 ;14:30;0
Cervantes;Lugo;16.4 ;15:50;5.0 ;15:50;0
Ribadeo;Lugo;17.4 ;10:30;11.9 ;10:30;0
Mondonedo;Lugo;17.1 ;11:50;12.9 ;11:50;0
Burela;Lugo;17.1 ;11:00;15.6 ;11:00;0
Lugo Aeropuerto;Lugo;17.8 ;14:30;8.5 ;14:30;0
Lugo;Lugo;18.2 ;13:30;6.6 ;13:30;0
O Paramo;Lugo;19.1 ;13:50;4.7 ;13:50;0
Becerrea;Lugo;14.8 ;14:40;6.5 ;14:40;0
O Savinao;Lugo;18.1 ;14:40;9.8 ;14:40;0
Folgoso do Courel;Lugo;19.3 ;16:40;5.2 ;16:40;0
Monforte de Lemos;Lugo;23.4 ;15:40;6.3 ;15:40;0
Puerto de Navacerrada;Madrid;15.1 ;13:30;5.9 ;13:30;0
Rascafria;Madrid;23.2 ;14:10;-0.2 ;14:10;0
Buitrago del Lozoya;Madrid;21.6 ;12:50;2.3 ;12:50;0
Somosierra;Madrid;15.1 ;14:40;3.4 ;14:40;0
Madrid, El Goloso;Madrid;21.2 ;13:40;4.9 ;13:40;0
Madrid Aeropuerto;Madrid;24.1 ;15:40;5.1 ;15:40;0
Alcala de Henares;Madrid;23.6 ;14:40;4.1 ;14:40;0
Arganda del Rey;Madrid;24.7 ;15:20;6.3 ;15:20;0
Colmenar Viejo;Madrid;20.7 ;16:40;8.9 ;16:40;0
Madrid, Ciudad Universitaria;Madrid;23.7 ;15:40;4.2 ;15:40;0
Pozuelo de Alarcon;Madrid;24.8 ;16:30;3.3 ;16:30;0
Madrid, Retiro;Madrid;22.1 ;16:10;10.2 ;16:10;0
Tielmes;Madrid;23.2 ;16:10;6.0 ;16:10;0
Puerto Alto del Leon;Madrid;13.9 ;14:00;3.0 ;14:00;0
Alpedrete;Madrid;25.2 ;14:40;5.9 ;14:40;0
Torrelodones;Madrid;23.5 ;16:00;6.1 ;16:00;0
Rozas de Puerto Real;Madrid;22.3 ;15:20;7.7 ;15:20;0
Robledo de Chavela;Madrid;23.3 ;14:30;6.7 ;14:30;0
Valdemorillo;Madrid;22.9 ;15:50;7.6 ;15:50;0
Ronda Instituto;Malaga;25.6 ;15:20;12.7 ;15:20;0
Cortes de la Frontera;Malaga;23.5 ;13:30;11.2 ;13:30;0
Alpandeire;Malaga;24.9 ;15:20;13.8 ;15:20;0
Estepona;Malaga;23.6 ;14:10;16.8 ;14:10;0
Benahavis;Malaga;21.3 ;14:10;12.7 ;14:10;0
Marbella, Puerto;Malaga;23.1 ;15:40;16.7 ;15:40;0
Marbella;Malaga;22.1 ;17:10;18.0 ;17:10;0
Fuengirola;Malaga;22.4 ;15:00;18.0 ;15:00;0
Torremolinos;Malaga;24.2 ;15:20;16.0 ;15:20;0
Alora;Malaga;25.7 ;16:00;14.4 ;16:00;0
Coin;Malaga;25.1 ;14:20;14.3 ;14:20;0
Malaga Aeropuerto;Malaga;24.4 ;15:40;15.1 ;15:40;0
Malaga, Centro Meteorologico;Malaga;25.7 ;14:10;16.3 ;14:10;0
Malaga, Puerto;Malaga;23.9 ;12:10;17.3 ;12:10;0
Rincon de la Victoria;Malaga;25.6 ;15:20;18.1 ;15:20;0
Valez-Malaga;Malaga;26.1 ;13:50;14.5 ;13:50;0
Algarrobo;Malaga;23.6 ;12:10;15.5 ;12:10;0
Nerja;Malaga;23.8 ;14:30;16.5 ;14:30;0
Fuente de Piedra;Malaga;25.5 ;16:40;12.6 ;16:40;0
Melilla;Melilla;23.1 ;12:20;16.5 ;12:20;0
Aguilas;Murcia;23.8 ;10:50;16.9 ;10:50;0.2
Mazarron;Murcia;24.8 ;13:20;16.2 ;13:20;0
Cartagena;Murcia;23.2 ;11:30;14.1 ;11:30;0
Fuente Alamo de Murcia;Murcia;24.4 ;15:20;14.4 ;15:20;0
Torre-Pacheco;Murcia;25.4 ;14:40;14.1 ;14:40;0
San Javier Aeropuerto;Murcia;25.0 ;12:00;14.9 ;12:00;0
Moratalla;Murcia;19.9 ;14:40;9.2 ;14:40;0
Caravaca de La Cruz;Murcia;23.2 ;12:20;9.4 ;12:20;0
Calasparra;Murcia;23.2 ;16:10;11.7 ;16:10;0
Bullas;Murcia;21.5 ;15:00;12.0 ;15:00;0
Jumilla;Murcia;23.0 ;14:50;11.0 ;14:50;0
Archena;Murcia;25.1 ;15:10;14.0 ;15:10;0
Mula;Murcia;23.6 ;16:30;11.7 ;16:30;0
Murcia;Murcia;26.3 ;15:30;15.5 ;15:30;0
Caravaca de La Cruz, Los Royos;Murcia;20.7 ;14:20;7.1 ;14:20;0
Lorca, Zarcilla de Ramos;Murcia;22.1 ;13:40;9.8 ;13:40;0
Lorca;Murcia;23.6 ;14:30;12.3 ;14:30;0
Puerto Lumbreras;Murcia;23.8 ;14:30;14.4 ;14:30;0
Totana;Murcia;23.9 ;14:10;14.8 ;14:10;0
Alhama de Murcia;Murcia;26.0 ;14:20;14.2 ;14:20;0
Molina de Segura;Murcia;23.9 ;14:10;13.2 ;14:10;0
Abanilla;Murcia;24.7 ;15:20;13.5 ;15:20;0
Yecla;Murcia;22.3 ;15:30;9.0 ;15:30;0
Baztan, Irurita;Navarra;15.4 ;15:00;4.6 ;15:00;1.1
Bera;Navarra;16.5 ;14:40;8.3 ;14:40;5.6
Areso;Navarra;13.9 ;12:50;7.8 ;12:50;4.6
Los Arcos;Navarra;19.6 ;13:10;7.2 ;13:10;0
Isaba/Izaba;Navarra;15.6 ;11:20;3.4 ;11:20;0
Oroz-Betelu/Orotz-Betelu;Navarra;13.7 ;13:50;8.9 ;13:50;0
Roncesvalles;Navarra;11.0 ;13:30;5.7 ;13:30;4.8
Navascuas/Nabaskoze;Navarra;17.2 ;15:10;0.9 ;15:10;0
Coseda;Navarra;17.8 ;13:10;9.8 ;13:10;0
Olite/Erriberri;Navarra;16.9 ;14:10;10.5 ;14:10;0
Esteribar, Eugui;Navarra;14.4 ;12:40;6.7 ;12:40;1
Monreal/Elo;Navarra;14.7 ;14:00;8.1 ;14:00;0
Pamplona Aeropuerto;Navarra;16.3 ;12:40;9.2 ;12:40;0
Aranguren, Ilundain;Navarra;15.3 ;14:20;6.8 ;14:20;0
Irurtzun;Navarra;15.2 ;13:30;9.4 ;13:30;0.4
Larraga;Navarra;18.0 ;13:50;7.9 ;13:50;0
Bardenas Reales, Base Aerea;Navarra;18.5 ;14:00;10.7 ;14:00;0
Monteagudo;Navarra;18.4 ;15:20;11.4 ;15:20;0
Tudela;Navarra;19.0 ;14:40;10.6 ;14:40;0
Luzaide/Valcarlos;Navarra;14.4 ;13:50;6.8 ;13:50;4.4
O Barco de Valdeorras;Ourense;21.3 ;16:40;5.9 ;16:40;0
A Pobra de Trives;Ourense;20.5 ;13:30;5.6 ;13:30;0
Ourense;Ourense;24.4 ;16:00;7.2 ;16:00;0
Beariz;Ourense;23.0 ;14:00;3.8 ;14:00;0
Carballino, O;Ourense;23.9 ;16:00;4.6 ;16:00;0
Ribadavia;Ourense;24.3 ;17:00;6.8 ;17:00;0
Allariz;Ourense;20.1 ;15:30;4.3 ;15:30;0
Xinzo de Limia;Ourense;20.9 ;14:10;-0.4 ;14:10;0
Muinos;Ourense;21.7 ;13:50;6.5 ;13:50;0
A Gudiua;Ourense;21.3 ;15:10;8.4 ;15:10;0
Veron;Ourense;24.7 ;15:50;3.1 ;15:50;0
Cervera de Pisuerga;Palencia;18.5 ;14:00;2.5 ;14:00;0
Aguilar de Campoo;Palencia;15.2 ;14:10;1.1 ;14:10;0
Villaeles de Valdavia;Palencia;17.3 ;14:10;1.4 ;14:10;0
Velilla del Rio Carrion, Camporredondo de Alba;Palencia;16.7 ;13:00;4.6 ;13:00;0
Carrion de los Condes;Palencia;19.2 ;14:40;1.2 ;14:40;0
Autilla del Pino;Palencia;17.9 ;15:00;4.8 ;15:00;0
Palencia;Palencia;18.9 ;14:50;3.0 ;14:50;0
Santervos de la Vega, Villapon;Palencia;19.2 ;14:50;2.0 ;14:50;0
Silleda;Pontevedra;23.3 ;15:10;9.9 ;15:10;0
A Estrada;Pontevedra;21.8 ;15:30;8.4 ;15:30;0
Vilagarcia de Arousa;Pontevedra;23.3 ;15:30;13.3 ;15:30;0
Pontevedra;Pontevedra;22.8 ;13:50;11.2 ;13:50;0
A Lama;Pontevedra;23.8 ;14:00;12.5 ;14:00;0
Vigo;Pontevedra;26.4 ;14:10;15.3 ;14:10;0
A Caniza;Pontevedra;22.7 ;14:10;10.6 ;14:10;0
Ponteareas, Canedo;Pontevedra;26.3 ;15:50;8.0 ;15:50;0
O Rosal;Pontevedra;25.9 ;15:50;15.8 ;15:50;0
La Covatilla, estacion de esqui;Salamanca;13.5 ;13:40;5.9 ;13:40;0
Pedrosillo de Los Aires;Salamanca;19.3 ;15:50;1.2 ;15:50;0
Pedraza de Alba;Salamanca;18.6 ;15:30;-0.8 ;15:30;0
Salamanca;Salamanca;21.5 ;15:50;4.4 ;15:50;0
Barbadillo;Salamanca;20.4 ;15:00;-0.6 ;15:00;0
Ledesma;Salamanca;19.6 ;14:40;3.3 ;14:40;0
Villarino de los Aires;Salamanca;23.0 ;16:10;5.2 ;16:10;0
Boadilla Fuente San Esteban;Salamanca;20.9 ;15:00;4.4 ;15:00;0
Vitigudino;Salamanca;23.0 ;15:00;5.7 ;15:00;0
El Maello;Salamanca;19.8 ;14:40;7.3 ;14:40;0
Banoborez;Salamanca;21.7 ;15:30;5.2 ;15:30;0
Navasfrias;Salamanca;21.1 ;15:40;-0.4 ;15:40;0
El Bodon Base Aerea;Salamanca;21.3 ;14:50;3.8 ;14:50;0
Saelices El Chico;Salamanca;22.5 ;15:50;6.7 ;15:50;0
Fresno de Cantespino;Segovia;18.3 ;15:20;2.3 ;15:20;0
Aldeanueva de Serrezuela;Segovia;16.5 ;15:40;4.3 ;15:40;0
La Pinilla, estacion de esqui;Segovia;14.0 ;11:50;5.2 ;11:50;0
Pedraza;Segovia;17.4 ;15:50;3.6 ;15:50;0
Cuellar;Segovia;21.2 ;15:00;-3.1 ;15:00;0
Segovia;Segovia;16.8 ;15:50;4.9 ;15:50;0
San Rafael;Segovia;16.6 ;13:40;2.5 ;13:40;0
Miguelanez;Segovia;18.8 ;15:50;2.3 ;15:50;0
La Roda de Andalucia;Sevilla;26.9 ;15:40;12.1 ;15:40;0
Lora de Estepa;Sevilla;24.8 ;16:10;15.1 ;16:10;0
Acija;Sevilla;27.7 ;16:10;10.7 ;16:10;0
La Puebla de los Infantes;Sevilla;27.7 ;16:30;7.6 ;16:30;0
Fuentes de Andalucia;Sevilla;28.3 ;16:40;13.6 ;16:40;0
Carmona;Sevilla;29.4 ;17:10;12.6 ;17:10;0
Guadalcanal;Sevilla;24.5 ;15:20;12.0 ;15:20;0
Almadon de la Plata;Sevilla;27.5 ;16:00;12.1 ;16:00;0
Sevilla Aeropuerto;Sevilla;29.1 ;17:00;13.6 ;17:00;0
Sevilla, Tablada;Sevilla;29.2 ;16:20;13.6 ;16:20;0
Moron de la Frontera;Sevilla;27.6 ;16:00;11.2 ;16:00;0
Carrion de los Cespedes;Sevilla;27.5 ;16:50;11.7 ;16:50;0
Las Cabezas de San Juan;Sevilla;27.0 ;15:50;13.1 ;15:50;0
Osuna;Sevilla;26.4 ;15:40;16.6 ;15:40;0
Vinuesa, Quintanarejo;Soria;17.8 ;13:10;3.9 ;13:10;0
La Poveda de Soria, Barriomarton;Soria;15.2 ;12:20;7.0 ;12:20;0
Soria;Soria;19.8 ;12:50;8.0 ;12:50;0
Lubia;Soria;18.8 ;12:30;2.0 ;12:30;0
Moron de Almazon;Soria;19.5 ;14:10;-1.7 ;14:10;0
La Riba de Escalote;Soria;18.7 ;16:00;1.5 ;16:00;0
Ucero;Soria;19.5 ;16:10;-2.3 ;16:10;0
Burgo de Osma;Soria;19.7 ;15:10;-1.7 ;15:10;0
Liceras;Soria;17.7 ;15:00;3.8 ;15:00;0
Alvega;Soria;14.6 ;13:20;6.2 ;13:20;0
San Pedro Manrique;Soria;15.9 ;12:40;5.9 ;12:40;0
Arcos de Jalin;Soria;19.6 ;14:10;3.2 ;14:10;0
Almazul;Soria;16.4 ;12:50;5.9 ;12:50;0
Puntagorda;Santa Cruz de Tenerife;27.3 ;14:40;17.3 ;14:40;0
Tijarafe;Santa Cruz de Tenerife;26.7 ;14:10;17.8 ;14:10;0
El Paso;Santa Cruz de Tenerife;26.8 ;12:30;15.9 ;12:30;0
Fuencaliente;Santa Cruz de Tenerife;28.4 ;12:40;21.1 ;12:40;0
Tazacorte;Santa Cruz de Tenerife;26.8 ;14:00;20.0 ;14:00;0
La Palma Aeropuerto;Santa Cruz de Tenerife;26.2 ;12:20;21.2 ;12:20;0
San Andres y Sauces;Santa Cruz de Tenerife;26.0 ;11:40;16.6 ;11:40;0
Vallehermoso, Alto Igualero;Santa Cruz de Tenerife;22.4 ;12:40;16.0 ;12:40;0
Agulo;Santa Cruz de Tenerife;28.6 ;14:20;15.1 ;14:20;0
Vallehermoso, Dama;Santa Cruz de Tenerife;27.2 ;10:30;17.0 ;10:30;0
Hermigua;Santa Cruz de Tenerife;23.3 ;13:50;16.2 ;13:50;0
San Sebastian de la Gomera;Santa Cruz de Tenerife;26.6 ;15:00;20.4 ;15:00;0
La Orotava, Canadas Teide;Santa Cruz de Tenerife;20.8 ;12:00;7.2 ;12:00;0
Adeje;Santa Cruz de Tenerife;28.7 ;11:40;18.5 ;11:40;0
Arico;Santa Cruz de Tenerife;27.0 ;12:40;17.2 ;12:40;0
Tenerife Sur Aeropuerto;Santa Cruz de Tenerife;29.3 ;12:40;20.5 ;12:40;0
Izana;Santa Cruz de Tenerife;17.0 ;11:40;9.3 ;11:40;0
Candelaria;Santa Cruz de Tenerife;24.7 ;10:10;16.0 ;10:10;0
Guimar;Santa Cruz de Tenerife;24.6 ;14:00;16.8 ;14:00;0
San Cristobal de La Laguna,Llano de los Loros;Santa Cruz de Tenerife;28.9 ;13:20;15.7 ;13:20;0
Tenerife Norte Aeropuerto;Santa Cruz de Tenerife;27.9 ;13:00;15.3 ;13:00;0
Sta.Cruz de Tenerife;Santa Cruz de Tenerife;27.5 ;14:40;19.9 ;14:40;0
Anaga;Santa Cruz de Tenerife;29.2 ;15:00;17.8 ;15:00;0
La Victoria de Acentejo;Santa Cruz de Tenerife;26.5 ;09:50;12.8 ;09:50;0
Puerto de la Cruz;Santa Cruz de Tenerife;27.1 ;15:00;20.1 ;15:00;0
Los Silos;Santa Cruz de Tenerife;25.4 ;14:10;16.8 ;14:10;0
El Pinar, Deposito;Santa Cruz de Tenerife;25.4 ;15:40;14.3 ;15:40;0
Valverde;Santa Cruz de Tenerife;25.1 ;14:00;11.3 ;14:00;0
Hierro Aeropuerto;Santa Cruz de Tenerife;25.3 ;13:30;21.4 ;13:30;0
Frontera, Sabinosa;Santa Cruz de Tenerife;26.2 ;12:00;19.4 ;12:00;0
Alforja;Tarragona;19.1 ;14:50;9.7 ;14:50;0
Reus Aeropuerto;Tarragona;23.5 ;15:20;8.4 ;15:20;0
Valls;Tarragona;20.6 ;14:10;10.2 ;14:10;0
Tarragona;Tarragona;24.7 ;15:00;11.4 ;15:00;0
Llorac;Tarragona;14.9 ;15:10;4.9 ;15:10;0
Horta de Sant Joan;Tarragona;19.3 ;15:30;7.1 ;15:30;0
La Pobla de Massaluca;Tarragona;19.1 ;15:50;9.2 ;15:50;0
Cabacis;Tarragona;20.6 ;16:20;9.4 ;16:20;0
Rasquera;Tarragona;21.1 ;15:40;10.0 ;15:40;0
Tortosa;Tarragona;25.2 ;14:10;14.2 ;14:10;0
Sant Jaume d'Enveja;Tarragona;22.6 ;14:30;14.6 ;14:30;0
Teruel;Teruel;19.4 ;15:40;1.7 ;15:40;0
Jabaloyas;Teruel;16.3 ;15:00;4.9 ;15:00;0
Cedrillas;Teruel;17.1 ;14:30;1.5 ;14:30;0
Mosqueruela;Teruel;17.8 ;13:30;5.1 ;13:30;0
Santa Eulalia del Campo;Teruel;18.1 ;15:40;0.3 ;15:40;0
Calamocha;Teruel;18.9 ;14:40;-1.0 ;14:40;0
Fonfria;Teruel;14.2 ;14:20;3.3 ;14:20;0
Muniesa;Teruel;17.0 ;14:50;3.0 ;14:50;0
Montalbon;Teruel;17.8 ;14:00;0.9 ;14:00;0
Hijar;Teruel;22.9 ;14:40;9.3 ;14:40;0
Andorra;Teruel;17.6 ;14:40;7.0 ;14:40;0
Castellote;Teruel;19.5 ;15:40;6.6 ;15:40;0
Calanda;Teruel;19.7 ;15:30;7.1 ;15:30;0
Alcaniz;Teruel;19.6 ;15:50;4.6 ;15:50;0
Valderrobres;Teruel;17.8 ;15:50;1.6 ;15:50;0
Bello;Teruel;17.1 ;14:50;-2.9 ;14:50;0
Tembleque;Toledo;22.2 ;16:10;4.4 ;16:10;0
Mora;Toledo;21.8 ;16:30;5.3 ;16:30;0
Toledo;Toledo;23.6 ;16:00;7.3 ;16:00;0
San Pablo de los Montes;Toledo;20.9 ;15:40;10.0 ;15:40;0
Navahermosa;Toledo;22.1 ;15:50;9.3 ;15:50;0
Castillo de Bayuela;Toledo;23.6 ;15:40;9.9 ;15:40;0
Talavera de la Reina;Toledo;24.4 ;16:20;7.8 ;16:20;0
Oropesa;Toledo;25.8 ;16:00;3.1 ;16:00;0
Quintanar de la Orden;Toledo;21.7 ;16:20;7.8 ;16:20;0
Madridejos;Toledo;20.2 ;16:30;4.8 ;16:30;0
Puerto del Rey;Caceres;25.5 ;14:30;9.3 ;14:30;0
Fontanars dels Alforins;Valencia/Valencia;22.4 ;15:10;9.2 ;15:10;0
Oliva;Valencia/Valencia;21.3 ;14:30;12.3 ;14:30;0
Miramar;Valencia/Valencia;22.1 ;15:30;15.5 ;15:30;0
Barx;Valencia/Valencia;21.7 ;15:20;11.6 ;15:20;0
Jalance;Valencia/Valencia;23.5 ;16:30;9.5 ;16:30;0
Zarra;Valencia/Valencia;20.9 ;16:00;12.3 ;16:00;0
Bicorp;Valencia/Valencia;24.6 ;15:10;10.3 ;15:10;0
Ontinyent;Valencia/Valencia;25.0 ;15:20;11.7 ;15:20;0
Xotiva;Valencia/Valencia;25.5 ;15:00;12.1 ;15:00;0
Carcaixent;Valencia/Valencia;25.2 ;14:50;11.4 ;14:50;0
Utiel;Valencia/Valencia;22.9 ;16:10;5.6 ;16:10;0
Bunol;Valencia/Valencia;21.3 ;15:20;7.6 ;15:20;0
Polinya de Xequer;Valencia/Valencia;22.0 ;13:40;13.5 ;13:40;0
Turas;Valencia/Valencia;24.5 ;14:20;10.4 ;14:20;0
Ademuz;Valencia/Valencia;21.1 ;15:50;1.7 ;15:50;0
Chelva;Valencia/Valencia;23.9 ;14:50;9.1 ;14:50;0
Lliria;Valencia/Valencia;24.8 ;14:50;10.2 ;14:50;0
Valencia Aeropuerto;Valencia/Valencia;23.1 ;13:00;11.6 ;13:00;0
Valencia, Viveros;Valencia/Valencia;22.9 ;15:10;14.4 ;15:10;0
Sagunto;Valencia/Valencia;23.0 ;14:00;11.0 ;14:00;0
Penafiel;Valladolid;18.9 ;15:00;1.7 ;15:00;0
Sardon de Duero;Valladolid;21.4 ;14:40;-0.1 ;14:40;0
Valladolid;Valladolid;19.6 ;15:20;5.0 ;15:20;0
Olmedo, Deposito de Agua;Valladolid;20.3 ;15:20;2.0 ;15:20;0
Olmedo;Valladolid;21.6 ;15:10;0.0 ;15:10;0
Rueda;Valladolid;20.2 ;15:50;1.9 ;15:50;0
Fuente el Sol;Valladolid;20.7 ;15:40;-0.1 ;15:40;0
Villalon de Campos;Valladolid;20.1 ;14:50;2.2 ;14:50;0
Medina de Rioseco;Valladolid;19.4 ;14:50;1.6 ;14:50;0
Morales del Toro;Zamora;23.0 ;15:40;1.7 ;15:40;0
Fuentesauco;Zamora;19.4 ;16:40;2.7 ;16:40;0
Villafofila;Zamora;21.6 ;16:20;1.7 ;16:20;0
Zamora;Zamora;20.4 ;15:40;4.2 ;15:40;0
Benavente;Zamora;20.7 ;16:00;2.5 ;16:00;0
Sanabria, Robleda-Cervantes;Zamora;20.2 ;16:00;-2.1 ;16:00;0
Villardeciervos;Zamora;22.1 ;14:50;-1.1 ;14:50;0
Santibanez de Vidriales;Zamora;21.4 ;15:40;-0.9 ;15:40;0
Pozuelo de Tabara;Zamora;19.7 ;16:10;2.4 ;16:10;0
Villadepera;Zamora;19.6 ;15:40;5.7 ;15:40;0
Fresno de Sayago;Zamora;19.2 ;16:50;2.7 ;16:50;0
Alcanices;Zamora;21.5 ;15:30;4.1 ;15:30;0
Sos del Rey Catolico;Zaragoza;16.8 ;14:10;9.0 ;14:10;0
Tarazona;Zaragoza;18.1 ;15:30;6.3 ;15:30;0
Ejea de los Caballeros;Zaragoza;20.4 ;14:10;6.0 ;14:10;0
Castejon de Valdejasa;Zaragoza;18.1 ;14:20;6.5 ;14:20;0
Alhama de Aragon;Zaragoza;21.0 ;14:20;1.5 ;14:20;0
Daroca;Zaragoza;18.7 ;14:20;0.0 ;14:20;0
Calatayud;Zaragoza;20.1 ;14:50;1.8 ;14:50;0
La Almunia de Dona Godina;Zaragoza;19.7 ;14:20;3.0 ;14:20;0
Zaragoza Aeropuerto;Zaragoza;20.4 ;14:30;11.2 ;14:30;0
Zaragoza, Valdespartera;Zaragoza;20.1 ;14:30;11.0 ;14:30;0
Lecinena;Zaragoza;21.0 ;14:30;3.5 ;14:30;0
Valmadrid;Zaragoza;18.3 ;14:40;10.1 ;14:40;0
Quinto;Zaragoza;20.9 ;15:40;9.3 ;15:40;0
Caspe;Zaragoza;21.4 ;15:50;10.8 ;15:50;0
Bujaraloz;Zaragoza;19.9 ;15:40;5.6 ;15:40;0
